{"options":{},"indexes":[{"v":{"$numberInt":"2"},"key":{"_id":{"$numberInt":"1"}},"name":"_id_","ns":"test.consentStatusEntry"},{"v":{"$numberInt":"2"},"key":{"consentId":{"$numberInt":"1"}},"name":"consentId","ns":"test.consentStatusEntry"},{"v":{"$numberInt":"2"},"key":{"consentStatus":{"$numberInt":"1"}},"name":"consentStatus","ns":"test.consentStatusEntry"},{"v":{"$numberInt":"2"},"key":{"consentType":{"$numberInt":"1"}},"name":"consentType","ns":"test.consentStatusEntry"},{"v":{"$numberInt":"2"},"key":{"date":{"$numberInt":"1"}},"name":"date","ns":"test.consentStatusEntry"}],"uuid":"0727774fc83f467ca24c693ce55e7596"}