{"options":{},"indexes":[{"v":{"$numberInt":"2"},"key":{"_id":{"$numberInt":"1"}},"name":"_id_","ns":"test.endpointUsageEntry"},{"v":{"$numberInt":"2"},"key":{"date":{"$numberInt":"1"}},"name":"date","ns":"test.endpointUsageEntry"},{"v":{"$numberInt":"2"},"key":{"geoIP.ipAddress":{"$numberInt":"1"}},"name":"geoIP.ipAddress","ns":"test.endpointUsageEntry"},{"v":{"$numberInt":"2"},"key":{"tppEntry._id":{"$numberInt":"1"}},"name":"tppEntry._id","ns":"test.endpointUsageEntry"},{"v":{"$numberInt":"2"},"key":{"tppEntry.name":{"$numberInt":"1"}},"name":"tppEntry.name","ns":"test.endpointUsageEntry"},{"v":{"$numberInt":"2"},"key":{"tppEntry.directoryId":{"$numberInt":"1"}},"name":"tppEntry.directoryId","ns":"test.endpointUsageEntry"},{"v":{"$numberInt":"2"},"key":{"tppEntry.organisationId":{"$numberInt":"1"}},"name":"tppEntry.organisationId","ns":"test.endpointUsageEntry"},{"v":{"$numberInt":"2"},"key":{"tppEntry.created":{"$numberInt":"1"}},"name":"tppEntry.created","ns":"test.endpointUsageEntry"},{"v":{"$numberInt":"2"},"key":{"tppEntry.deleted":{"$numberInt":"1"}},"name":"tppEntry.deleted","ns":"test.endpointUsageEntry"}],"uuid":"63cd7b2f657240648296091de184c65f"}