{"options":{},"indexes":[{"v":{"$numberInt":"2"},"key":{"_id":{"$numberInt":"1"}},"name":"_id_","ns":"test.endpointUsageAggregate"},{"v":{"$numberInt":"2"},"key":{"identityId":{"$numberInt":"1"}},"name":"identityId","ns":"test.endpointUsageAggregate"},{"v":{"$numberInt":"2"},"key":{"endpoint":{"$numberInt":"1"}},"name":"endpoint","ns":"test.endpointUsageAggregate"},{"v":{"$numberInt":"2"},"key":{"date":{"$numberInt":"1"}},"name":"date","ns":"test.endpointUsageAggregate"},{"v":{"$numberInt":"2"},"key":{"endpointType":{"$numberInt":"1"}},"name":"endpointType","ns":"test.endpointUsageAggregate"},{"v":{"$numberInt":"2"},"key":{"method":{"$numberInt":"1"}},"name":"method","ns":"test.endpointUsageAggregate"},{"v":{"$numberInt":"2"},"key":{"application":{"$numberInt":"1"}},"name":"application","ns":"test.endpointUsageAggregate"},{"v":{"$numberInt":"2"},"key":{"responseStatus":{"$numberInt":"1"}},"name":"responseStatus","ns":"test.endpointUsageAggregate"},{"v":{"$numberInt":"2"},"key":{"userType":{"$numberInt":"1"}},"name":"userType","ns":"test.endpointUsageAggregate"},{"v":{"$numberInt":"2"},"key":{"obVersion":{"$numberInt":"1"}},"name":"obVersion","ns":"test.endpointUsageAggregate"},{"v":{"$numberInt":"2"},"key":{"obReference":{"$numberInt":"1"}},"name":"obReference","ns":"test.endpointUsageAggregate"},{"v":{"$numberInt":"2"},"key":{"geoIP.ipAddress":{"$numberInt":"1"}},"name":"geoIP.ipAddress","ns":"test.endpointUsageAggregate"},{"v":{"$numberInt":"2"},"key":{"tppEntry._id":{"$numberInt":"1"}},"name":"tppEntry._id","ns":"test.endpointUsageAggregate"},{"v":{"$numberInt":"2"},"key":{"tppEntry.name":{"$numberInt":"1"}},"name":"tppEntry.name","ns":"test.endpointUsageAggregate"},{"v":{"$numberInt":"2"},"key":{"tppEntry.directoryId":{"$numberInt":"1"}},"name":"tppEntry.directoryId","ns":"test.endpointUsageAggregate"},{"v":{"$numberInt":"2"},"key":{"tppEntry.organisationId":{"$numberInt":"1"}},"name":"tppEntry.organisationId","ns":"test.endpointUsageAggregate"},{"v":{"$numberInt":"2"},"key":{"tppEntry.created":{"$numberInt":"1"}},"name":"tppEntry.created","ns":"test.endpointUsageAggregate"},{"v":{"$numberInt":"2"},"key":{"tppEntry.deleted":{"$numberInt":"1"}},"name":"tppEntry.deleted","ns":"test.endpointUsageAggregate"}],"uuid":"54d834519bbe4a0b8ae3d0ea57fd47b2"}