{"options":{},"indexes":[{"v":{"$numberInt":"2"},"key":{"_id":{"$numberInt":"1"}},"name":"_id_","ns":"test.tppEntry"},{"v":{"$numberInt":"2"},"key":{"name":{"$numberInt":"1"}},"name":"name","ns":"test.tppEntry"},{"v":{"$numberInt":"2"},"key":{"directoryId":{"$numberInt":"1"}},"name":"directoryId","ns":"test.tppEntry"},{"v":{"$numberInt":"2"},"key":{"organisationId":{"$numberInt":"1"}},"name":"organisationId","ns":"test.tppEntry"},{"v":{"$numberInt":"2"},"key":{"created":{"$numberInt":"1"}},"name":"created","ns":"test.tppEntry"},{"v":{"$numberInt":"2"},"key":{"deleted":{"$numberInt":"1"}},"name":"deleted","ns":"test.tppEntry"}],"uuid":"83b5fa2c8fa34c228f4ff45f92b41dd7"}